,Name,Title,Cusip,Ticker,Category,Value,Pct
0,Taiwan Semiconductor Manufacturing Co Ltd,TAIWAN SEMICONDUCTOR MANUFACTURING CO LTD,000000000,None,CORP EC,685720844,13.8
1,Tencent Holdings Ltd,TENCENT HOLDINGS LTD,000000000,None,CORP EC,299259577,6.0
2,Yum China Holdings Inc,YUM CHINA HOLDINGS INC,98850P109,None,CORP EC,178066570,3.6
3,Kotak Mahindra Bank Ltd,KOTAK MAHINDRA BANK LTD,000000000,None,CORP EC,124301923,2.5
4,Samsung Electronics Co Ltd,SAMSUNG ELECTRONICS CO LTD,000000000,None,CORP EC,117958427,2.4
5,Infosys Ltd,INFOSYS LTD,000000000,None,CORP EC,102382760,2.1
6,T. Rowe Price Government Reserve Fund,T. Rowe Price Government Reserve Fund,76105Y109,None,RF STIV,97865896,2.0
7,Bank Central Asia Tbk PT,BANK CENTRAL ASIA TBK PT,000000000,None,CORP EC,94754406,1.9
8,ICICI Bank Ltd,ICICI BANK LTD,000000000,None,CORP EC,91696525,1.9
9,Alibaba Group Holding Ltd,ALIBABA GROUP HOLDING LTD,01609W102,None,CORP EC,88976756,1.8
10,Saudi National Bank/The,SAUDI NATIONAL BANK/THE,000000000,None,CORP EC,87142509,1.8
11,PDD Holdings Inc,PDD HOLDINGS INC,722304102,None,CORP EC,84811441,1.7
12,MediaTek Inc,MEDIATEK INC,000000000,None,CORP EC,82976313,1.7
13,Al Rajhi Bank,AL RAJHI BANK,000000000,None,CORP EC,81172221,1.6
14,Reliance Industries Ltd,RELIANCE INDUSTRIES LTD,000000000,None,CORP EC,72784425,1.5
15,Jeronimo Martins SGPS SA,JERONIMO MARTINS SGPS SA,000000000,None,CORP EC,67407015,1.4
16,Wal-Mart de Mexico SAB de CV,WAL-MART DE MEXICO SAB DE CV,000000000,None,CORP EC,65814350,1.3
17,Meituan,MEITUAN,000000000,None,CORP EC,65529095,1.3
18,Xiaomi Corp,XIAOMI CORP,000000000,None,CORP EC,64937248,1.3
19,OTP Bank Nyrt,OTP BANK NYRT,000000000,None,CORP EC,63532263,1.3
20,Jardine Matheson Holdings Ltd,JARDINE MATHESON HOLDINGS LTD,000000000,None,CORP EC,63018920,1.3
21,OPPLE LIGHTING CO LTD,YIFENG PHARMACY CHAIN CO LTD,000000000,603939,CORP EC,62578013,1.3
22,NetEase Inc,NETEASE INC,64110W102,None,CORP EC,60711326,1.2
23,Larsen & Toubro Ltd,LARSEN & TOUBRO LTD,000000000,None,CORP EC,60141206,1.2
24,KB Financial Group Inc,KB FINANCIAL GROUP INC,000000000,None,CORP EC,58183381,1.2
25,HDFC Life Insurance Co Ltd,HDFC LIFE INSURANCE CO LTD,000000000,None,CORP EC,54806187,1.1
26,Bharti Airtel Ltd,BHARTI AIRTEL LTD,000000000,None,CORP EC,54459614,1.1
27,SK Hynix Inc,SK HYNIX INC,000000000,None,CORP EC,54178070,1.1
28,Raia Drogasil SA,RAIA DROGASIL SA,000000000,None,CORP EC,52753493,1.1
29,Bank for Foreign Trade of Vietnam JSC,BANK FOR FOREIGN TRADE OF VIETNAM JSC,000000000,None,CORP EC,52545944,1.1
30,WEG SA,WEG SA,000000000,None,CORP EC,51724119,1.0
31,Qatar National Bank QPSC,QATAR NATIONAL BANK QPSC,000000000,None,CORP EC,51366800,1.0
32,Petroleo Brasileiro SA,PETROLEO BRASILEIRO SA,71654V408,None,CORP EC,49928768,1.0
33,ZTO Express Cayman Inc,ZTO EXPRESS CAYMAN INC,98980A105,None,CORP EC,47392649,1.0
34,BDO Unibank Inc,BDO UNIBANK INC,000000000,None,CORP EC,44212222,0.9
35,Bank Mandiri Persero Tbk PT,BANK MANDIRI PERSERO TBK PT,000000000,None,CORP EC,44195195,0.9
36,Erste Group Bank AG,ERSTE GROUP BANK AG,000000000,None,CORP EC,43809960,0.9
37,SCB X PCL,SCB X PCL,000000000,None,CORP EC,42355269,0.9
38,Klabin SA,KLABIN SA,000000000,None,CORP EC,40819121,0.8
39,Hindustan Unilever Ltd,HINDUSTAN UNILEVER LTD,000000000,None,CORP EC,40706329,0.8
40,CRRC CORP LTD,CRRC CORP LTD,000000000,601766,CORP EC,39077561,0.8
41,Midea Group Co Ltd,MIDEA GROUP CO LTD,000000000,None,CORP EC,38679753,0.8
42,Titan Co Ltd,TITAN CO LTD,000000000,None,CORP EC,38088980,0.8
43,Accton Technology Corp,ACCTON TECHNOLOGY CORP,000000000,None,CORP EC,37154770,0.8
44,Globant SA,GLOBANT SA,000000000,None,CORP EC,37073096,0.7
45,KE Holdings Inc,KE HOLDINGS INC,482497104,None,CORP EC,36815559,0.7
46,Power Grid Corp of India Ltd,POWER GRID CORP OF INDIA LTD,000000000,None,CORP EC,36751239,0.7
47,Hyundai Mobis Co Ltd,HYUNDAI MOBIS CO LTD,000000000,None,CORP EC,36051079,0.7
48,Asian Paints Ltd,ASIAN PAINTS LTD,000000000,None,CORP EC,35980676,0.7
49,Vale SA,VALE SA,91912E105,None,CORP EC,35839826,0.7
50,Gruma SAB de CV,GRUMA SAB DE CV,000000000,None,CORP EC,35409158,0.7
51,Tata Consultancy Services Ltd,TATA CONSULTANCY SERVICES LTD,000000000,None,CORP EC,35171200,0.7
52,Delta Electronics Inc,DELTA ELECTRONICS INC,000000000,None,CORP EC,34295078,0.7
53,Zhongsheng Group Holdings Ltd,ZHONGSHENG GROUP HOLDINGS LTD,000000000,None,CORP EC,33924460,0.7
54,Arcos Dorados Holdings Inc,ARCOS DORADOS HOLDINGS INC,000000000,None,CORP EC,33469057,0.7
55,New Oriental Education & Technology Group Inc,NEW ORIENTAL EDUCATION & TECHNOLOGY GROUP INC,647581206,None,CORP EC,33416788,0.7
56,BYD Co Ltd,BYD CO LTD,000000000,None,CORP EC,32171007,0.6
57,Bid Corp Ltd,BID CORP LTD,000000000,None,CORP EC,31510340,0.6
58,Sumber Alfaria Trijaya Tbk PT,SUMBER ALFARIA TRIJAYA TBK PT,000000000,None,CORP EC,30909706,0.6
59,MercadoLibre Inc,MERCADOLIBRE INC,58733R102,None,CORP EC,30680075,0.6
60,N/A,KWEICHOW MOUTAI CO LTD,000000000,600519,CORP EC,30620771,0.6
61,Fomento Economico Mexicano SAB de CV,FOMENTO ECONOMICO MEXICANO SAB DE CV,344419106,None,CORP EC,30398833,0.6
62,Trip.com Group Ltd,TRIP.COM GROUP LTD,89677Q107,None,CORP EC,29364531,0.6
63,Voltas Ltd,VOLTAS LTD,000000000,None,CORP EC,28736136,0.6
64,NU Holdings Ltd/Cayman Islands,NU HOLDINGS LTD/CAYMAN ISLANDS,000000000,None,CORP EC,28176918,0.6
65,Jollibee Foods Corp,JOLLIBEE FOODS CORP,000000000,None,CORP EC,28151229,0.6
66,FUYAO GLASS INDUSTRY GROUP CO LTD,FUYAO GLASS INDUSTRY GROUP CO LTD,000000000,600660,CORP EC,26506930,0.5
67,EASTROC BEVERAGE GROUP CO LTD,EASTROC BEVERAGE GROUP CO LTD,000000000,605499,CORP EC,26029282,0.5
68,Credicorp Ltd,CREDICORP LTD,000000000,None,CORP EC,25231912,0.5
69,Chailease Holding Co Ltd,CHAILEASE HOLDING CO LTD,000000000,None,CORP EC,25200898,0.5
70,Hon Hai Precision Industry Co Ltd,HON HAI PRECISION INDUSTRY CO LTD,000000000,None,CORP EC,24647760,0.5
71,Grupo Aeroportuario del Pacifico SAB de CV,GRUPO AEROPORTUARIO DEL PACIFICO SAB DE CV,400506101,None,CORP EC,24280850,0.5
72,Clicks Group Ltd,CLICKS GROUP LTD,000000000,None,CORP EC,22420958,0.5
73,Divi s Laboratories Ltd,DIVI'S LABORATORIES LTD,000000000,None,CORP EC,18608836,0.4
74,Capitec Bank Holdings Ltd,CAPITEC BANK HOLDINGS LTD,000000000,None,CORP EC,17636213,0.4
75,Axis Bank Ltd,AXIS BANK LTD,000000000,None,CORP EC,17520594,0.4
76,Ayala Corp,AYALA CORP,000000000,None,CORP EC,17409691,0.4
77,Avenue Supermarts Ltd,AVENUE SUPERMARTS LTD,000000000,None,CORP EC,17145846,0.3
78,HDFC Asset Management Co Ltd,HDFC ASSET MANAGEMENT CO LTD,000000000,None,CORP EC,16787315,0.3
79,SM Investments Corp,SM INVESTMENTS CORP,000000000,None,CORP EC,14804776,0.3
80,Grupo Mexico SAB de CV,GRUPO MEXICO SAB DE CV,000000000,None,CORP EC,13955596,0.3
81,Bank Rakyat Indonesia Persero Tbk PT,BANK RAKYAT INDONESIA PERSERO TBK PT,000000000,None,CORP EC,13747813,0.3
82,Itau Unibanco Holding SA,ITAU UNIBANCO HOLDING SA,465562106,None,CORP EC,12686995,0.3
83,Hyundai Motor Co,HYUNDAI MOTOR CO,000000000,None,CORP EC,12534275,0.3
84,Advanced Info Service PCL,ADVANCED INFO SERVICE PCL,000000000,None,CORP EC,11976250,0.2
85,Grupo Financiero Banorte SAB de CV,GRUPO FINANCIERO BANORTE SAB DE CV,000000000,None,CORP EC,11292294,0.2
86,Kanzhun Ltd,KANZHUN LTD,48553T106,None,CORP EC,11182304,0.2
87,B3 SA - Brasil Bolsa Balcao,B3 SA - BRASIL BOLSA BALCAO,000000000,None,CORP EC,9959665,0.2
88,Arca Continental SAB de CV,ARCA CONTINENTAL SAB DE CV,000000000,None,CORP EC,9002060,0.2
89,Astral Ltd,ASTRAL LTD,000000000,None,CORP EC,6227686,0.1
90,Localiza Rent a Car SA,LOCALIZA RENT A CAR SA,000000000,None,CORP EC,6208743,0.1
91,Budweiser Brewing Co APAC Ltd,BUDWEISER BREWING CO APAC LTD,000000000,None,CORP EC,5806303,0.1
92,Arabian Internet & Communications Services Co,ARABIAN INTERNET & COMMUNICATIONS SERVICES CO,000000000,None,CORP EC,5582498,0.1
93,Shenzhou International Group Holdings Ltd,SHENZHOU INTERNATIONAL GROUP HOLDINGS LTD,000000000,None,CORP EC,4944466,0.1
94,Klabin SA,KLABIN SA,000000000,None,CORP EP,2,0.0
