,Name,Title,Cusip,Ticker,Category,Value,Pct
0,T. Rowe Price Government Reserve Fund,T. Rowe Price Government Reserve Fund - Collateral,76105YYY8,None,RF STIV,234184513,4.1
1,BAWAG Group AG,BAWAG GROUP AG,000000000,None,CORP EC,134085674,2.4
2,MercadoLibre Inc,MERCADOLIBRE INC,58733R102,None,CORP EC,111010317,2.0
3,Redcare Pharmacy NV,REDCARE PHARMACY NV,SBYYH7G96,None,CORP EC,87205273,1.5
4,SPIE SA,SPIE SA,000000000,None,CORP EC,83832259,1.5
5,Amplifon SpA,AMPLIFON SPA,000000000,None,CORP EC,70270423,1.2
6,FPT Corp,FPT CORP,000000000,None,CORP EC,66415571,1.2
7,Spirax Group PLC,SPIRAX GROUP PLC,000000000,None,CORP EC,64331277,1.1
8,Descartes Systems Group Inc/The,DESCARTES SYSTEMS GROUP INC/THE,000000000,None,CORP EC,57534695,1.0
9,flatexDEGIRO AG,FLATEXDEGIRO AG,000000000,None,CORP EC,55076822,1.0
10,Taiheiyo Cement Corp,TAIHEIYO CEMENT CORP,000000000,None,CORP EC,52752947,0.9
11,Rotork PLC,ROTORK PLC,000000000,None,CORP EC,50242736,0.9
12,Toyo Tire Corp,TOYO TIRE CORP,000000000,None,CORP EC,50055040,0.9
13,Croda International PLC,CRODA INTERNATIONAL PLC,000000000,None,CORP EC,49488684,0.9
14,Auction Technology Group PLC,AUCTION TECHNOLOGY GROUP PLC,000000000,None,CORP EC,48141748,0.8
15,IMCD NV,IMCD NV,000000000,None,CORP EC,47181506,0.8
16,Planisware SA,PLANISWARE SA,000000000,None,CORP EC,46929170,0.8
17,China Resources Mixc Lifestyle Services Ltd,CHINA RESOURCES MIXC LIFESTYLE SERVICES LTD,000000000,None,CORP EC,46906638,0.8
18,Montana Aerospace AG,MONTANA AEROSPACE AG,000000000,None,CORP EC,45456167,0.8
19,Aritzia Inc,ARITZIA INC,000000000,None,CORP EC,45215948,0.8
20,Laboratorios Farmaceuticos Rovi SA,LABORATORIOS FARMACEUTICOS ROVI SA,000000000,None,CORP EC,45145505,0.8
21,Subsea 7 SA,SUBSEA 7 SA,000000000,None,CORP EC,44408990,0.8
22,Aiful Corp,AIFUL CORP,000000000,None,CORP EC,42915694,0.8
23,Intermediate Capital Group PLC,INTERMEDIATE CAPITAL GROUP PLC,000000000,None,CORP EC,42911026,0.8
24,Nippon Soda Co Ltd,NIPPON SODA CO LTD,000000000,None,CORP EC,41417472,0.7
25,FinecoBank Banca Fineco SpA,FINECOBANK BANCA FINECO SPA,000000000,None,CORP EC,41215915,0.7
26,Hanwa Co Ltd,HANWA CO LTD,000000000,None,CORP EC,40955759,0.7
27,Sakata INX Corp,SAKATA INX CORP,000000000,None,CORP EC,40791377,0.7
28,AtkinsRealis Group Inc,ATKINSREALIS GROUP INC,04764T104,None,CORP EC,40100228,0.7
29,T. Rowe Price Government Reserve Fund,T. Rowe Price Government Reserve Fund,76105Y109,None,RF STIV,39638067,0.7
30,DKSH Holding AG,DKSH HOLDING AG,000000000,None,CORP EC,38555472,0.7
31,Klabin SA,KLABIN SA,000000000,None,CORP EC,37553227,0.7
32,Definity Financial Corp,DEFINITY FINANCIAL CORP,24477T100,None,CORP EC,37456952,0.7
33,Virbac SACA,VIRBAC SACA,000000000,None,CORP EC,37197657,0.7
34,Konica Minolta Inc,KONICA MINOLTA INC,000000000,None,CORP EC,35736151,0.6
35,Obara Group Inc,OBARA GROUP INC,000000000,None,CORP EC,35703357,0.6
36,Shopify Inc,SHOPIFY INC,000000000,None,CORP EC,35472163,0.6
37,Weir Group PLC/The,WEIR GROUP PLC/THE,000000000,None,CORP EC,35289613,0.6
38,Adriatic Metals PLC,ADRIATIC METALS PLC,000000000,None,CORP EC,35093125,0.6
39,Bridgepoint Group PLC,BRIDGEPOINT GROUP PLC,000000000,None,CORP EC,34935866,0.6
40,Siltronic AG,SILTRONIC AG,000000000,None,CORP EC,34767093,0.6
41,TGS ASA,TGS ASA,000000000,None,CORP EC,34489590,0.6
42,Niterra Co Ltd,NITERRA CO LTD,000000000,None,CORP EC,34301570,0.6
43,Cairn Homes PLC,CAIRN HOMES PLC,000000000,None,CORP EC,34200369,0.6
44,Asia Commercial Bank JSC,ASIA COMMERCIAL BANK JSC,000000000,None,CORP EC,33043063,0.6
45,Hikari Tsushin Inc,HIKARI TSUSHIN INC,000000000,None,CORP EC,33007899,0.6
46,Eurofins Scientific SE,EUROFINS SCIENTIFIC SE,000000000,None,CORP EC,32317852,0.6
47,Horiba Ltd,HORIBA LTD,000000000,None,CORP EC,31599960,0.6
48,Hoa Phat Group JSC,HOA PHAT GROUP JSC,000000000,None,CORP EC,31415083,0.6
49,IHI Corp,IHI CORP,000000000,None,CORP EC,31326073,0.6
50,Nifco Inc/Japan,NIFCO INC/JAPAN,000000000,None,CORP EC,30864925,0.5
51,Polycab India Ltd,POLYCAB INDIA LTD,000000000,None,CORP EC,30279560,0.5
52,Genus PLC,GENUS PLC,000000000,None,CORP EC,29935263,0.5
53,Exchange Income Corp,EXCHANGE INCOME CORP,000000000,None,CORP EC,29542670,0.5
54,Carel Industries SpA,CAREL INDUSTRIES SPA,000000000,None,CORP EC,29173438,0.5
55,ERO Copper Corp,ERO COPPER CORP,000000000,None,CORP EC,28714168,0.5
56,Watches of Switzerland Group PLC,WATCHES OF SWITZERLAND GROUP PLC,000000000,None,CORP EC,28692436,0.5
57,Schott Pharma AG & Co KGaA,SCHOTT PHARMA AG & CO KGAA,000000000,None,CORP EC,28497635,0.5
58,Hiscox Ltd,HISCOX LTD,000000000,None,CORP EC,28437332,0.5
59,Zealand Pharma A/S,ZEALAND PHARMA A/S,000000000,None,CORP EC,28045218,0.5
60,Ermenegildo Zegna NV,ERMENEGILDO ZEGNA NV,000000000,None,CORP EC,27821892,0.5
61,Nexity SA,NEXITY SA,000000000,None,CORP EC,27737668,0.5
62,Fluidra SA,FLUIDRA SA,000000000,None,CORP EC,27589657,0.5
63,HONGFA TECHNOLOGY CO LTD,HONGFA TECHNOLOGY CO LTD,000000000,600885,CORP EC,27589504,0.5
64,Miura Co Ltd,MIURA CO LTD,000000000,None,CORP EC,27425339,0.5
65,Takashimaya Co Ltd,TAKASHIMAYA CO LTD,000000000,None,CORP EC,27237276,0.5
66,Sega Sammy Holdings Inc,SEGA SAMMY HOLDINGS INC,000000000,None,CORP EC,27199564,0.5
67,Nextage Co Ltd,NEXTAGE CO LTD,000000000,None,CORP EC,26779181,0.5
68,Nordnet AB publ,NORDNET AB PUBL,000000000,None,CORP EC,26614664,0.5
69,Zomato Ltd,ZOMATO LTD,000000000,None,CORP EC,26252583,0.5
70,Aedas Homes SA,AEDAS HOMES SA,000000000,None,CORP EC,25702150,0.5
71,Page Industries Ltd,PAGE INDUSTRIES LTD,000000000,None,CORP EC,25446234,0.4
72,Tokyo Tatemono Co Ltd,TOKYO TATEMONO CO LTD,000000000,None,CORP EC,25387780,0.4
73,Verallia SA,VERALLIA SA,000000000,None,CORP EC,25357317,0.4
74,Wesdome Gold Mines Ltd,WESDOME GOLD MINES LTD,95083R100,None,CORP EC,24915042,0.4
75,Baltic Classifieds Group PLC,BALTIC CLASSIFIEDS GROUP PLC,000000000,None,CORP EC,24866076,0.4
76,Big Yellow Group PLC,BIG YELLOW GROUP PLC,000000000,None,CORP EC,24693255,0.4
77,Dixon Technologies India Ltd,DIXON TECHNOLOGIES INDIA LTD,000000000,None,CORP EC,24655100,0.4
78,Rengo Co Ltd,RENGO CO LTD,000000000,None,CORP EC,24202857,0.4
79,Blue Star Ltd,BLUE STAR LTD,000000000,None,CORP EC,24199793,0.4
80,Robertet SA,ROBERTET SA,000000000,None,CORP EC,24161336,0.4
81,UBS AG,YANTAI JEREH OILFIELD SERVICES GROUP CO LTD,000000000,002353,CORP EC,24052120,0.4
82,YUNNAN ALUMINIUM CO LTD,YUNNAN ALUMINIUM CO LTD,000000000,000807,CORP EC,24000270,0.4
83,Daiwabo Holdings Co Ltd,DAIWABO HOLDINGS CO LTD,000000000,None,CORP EC,23786007,0.4
84,Info Edge India Ltd,INFO EDGE INDIA LTD,000000000,None,CORP EC,23781940,0.4
85,Amadeus IT Group SA,AMADEUS IT GROUP SA,000000000,None,CORP EC,23677624,0.4
86,Fisher & Paykel Healthcare Corp Ltd,FISHER & PAYKEL HEALTHCARE CORP LTD,000000000,None,CORP EC,23588623,0.4
87,Genuit Group PLC,GENUIT GROUP PLC,000000000,None,CORP EC,23372339,0.4
88,Tokai Carbon Co Ltd,TOKAI CARBON CO LTD,000000000,None,CORP EC,23358873,0.4
89,Resorttrust Inc,RESORTTRUST INC,000000000,None,CORP EC,23223442,0.4
90,YANKERSHOP FOOD CO LTD,YANKERSHOP FOOD CO LTD,000000000,002847,CORP EC,22907818,0.4
91,Persimmon PLC,PERSIMMON PLC,000000000,None,CORP EC,22576062,0.4
92,XIAMEN FARATRONIC CO LTD,XIAMEN FARATRONIC CO LTD,000000000,600563,CORP EC,22459360,0.4
93,Accton Technology Corp,ACCTON TECHNOLOGY CORP,000000000,None,CORP EC,22435235,0.4
94,Scout24 SE,SCOUT24 SE,000000000,None,CORP EC,22318862,0.4
95,NuVista Energy Ltd,NUVISTA ENERGY LTD,000000000,None,CORP EC,22312112,0.4
96,Beneteau SACA,BENETEAU SACA,000000000,None,CORP EC,22268904,0.4
97,ELECTRIC CONNECTOR TECHNOLOGY CO LTD,ELECTRIC CONNECTOR TECHNOLOGY CO LTD,000000000,300679,CORP EC,22066640,0.4
98,Round One Corp,ROUND ONE CORP,000000000,None,CORP EC,22052168,0.4
99,Camurus AB,CAMURUS AB,000000000,None,CORP EC,22020037,0.4
100,Jamieson Wellness Inc,JAMIESON WELLNESS INC,470748104,None,CORP EC,21997744,0.4
101,Schoeller-Bleckmann Oilfield Equipment AG,SCHOELLER-BLECKMANN OILFIELD EQUIPMENT AG,000000000,None,CORP EC,21963584,0.4
102,JYP Entertainment Corp,JYP ENTERTAINMENT CORP,000000000,None,CORP EC,21933890,0.4
103,Kanzhun Ltd,KANZHUN LTD,48553T106,None,CORP EC,21919570,0.4
104,Astral Ltd,ASTRAL LTD,000000000,None,CORP EC,21823415,0.4
105,YouGov PLC,YOUGOV PLC,000000000,None,CORP EC,21605179,0.4
106,CI&T Inc,CI&T INC,000000000,None,CORP EC,21584060,0.4
107,Valmet Oyj,VALMET OYJ,000000000,None,CORP EC,21174065,0.4
108,CNOOC ENERGY TECHNOLOGY & SERVICES LTD,CNOOC ENERGY TECHNOLOGY & SERVICES LTD,000000000,600968,CORP EC,21078475,0.4
109,ConvaTec Group PLC,CONVATEC GROUP PLC,000000000,None,CORP EC,21050079,0.4
110,Beijer Ref AB,BEIJER REF AB,000000000,None,CORP EC,21048484,0.4
111,Modec Inc,MODEC INC,000000000,None,CORP EC,21037634,0.4
112,Tecan Group AG,TECAN GROUP AG,000000000,None,CORP EC,20737570,0.4
113,H World Group Ltd,H WORLD GROUP LTD,000000000,None,CORP EC,20628095,0.4
114,Hypoport SE,HYPOPORT SE,000000000,None,CORP EC,20525366,0.4
115,Lectra,LECTRA,000000000,None,CORP EC,20270038,0.4
116,Edenred SE,EDENRED SE,000000000,None,CORP EC,20232212,0.4
117,Ninebot Ltd,NINEBOT LTD,000000000,689009,CORP EC,20186063,0.4
118,XUJI ELECTRIC CO LTD,XUJI ELECTRIC CO LTD,000000000,000400,CORP EC,19870422,0.3
119,Daiei Kankyo Co Ltd,DAIEI KANKYO CO LTD,000000000,None,CORP EC,19827327,0.3
120,Tokyo Kiraboshi Financial Group Inc,TOKYO KIRABOSHI FINANCIAL GROUP INC,000000000,None,CORP EC,19798045,0.3
121,Helios Towers PLC,HELIOS TOWERS PLC,000000000,None,CORP EC,19590717,0.3
122,Yamaha Corp,YAMAHA CORP,000000000,None,CORP EC,19555015,0.3
123,Bosideng International Holdings Ltd,BOSIDENG INTERNATIONAL HOLDINGS LTD,000000000,None,CORP EC,19516464,0.3
124,Richelieu Hardware Ltd,RICHELIEU HARDWARE LTD,76329W103,None,CORP EC,19165918,0.3
125,Kinaxis Inc,KINAXIS INC,000000000,None,CORP EC,19158758,0.3
126,Nippon Seiki Co Ltd,NIPPON SEIKI CO LTD,000000000,None,CORP EC,19106397,0.3
127,Renishaw PLC,RENISHAW PLC,000000000,None,CORP EC,19023534,0.3
128,Coface SA,COFACE SA,000000000,None,CORP EC,18935463,0.3
129,SDPG,SHANDONG PHARMACEUTICAL GLASS CO LTD,000000000,600529,CORP EC,18874590,0.3
130,Zalando SE,ZALANDO SE,000000000,None,CORP EC,18830777,0.3
131,Shimizu Corp,SHIMIZU CORP,000000000,None,CORP EC,18800643,0.3
132,Trelleborg AB,TRELLEBORG AB,000000000,None,CORP EC,18659574,0.3
133,Sankyu Inc,SANKYU INC,000000000,None,CORP EC,18465312,0.3
134,StorageVault Canada Inc,STORAGEVAULT CANADA INC,000000000,None,CORP EC,18429525,0.3
135,Spin Master Corp,SPIN MASTER CORP,000000000,None,CORP EC,18258391,0.3
136,Rightmove PLC,RIGHTMOVE PLC,000000000,None,CORP EC,18114005,0.3
137,Grupo Aeroportuario del Sureste SAB de CV,GRUPO AEROPORTUARIO DEL SURESTE SAB DE CV,40051E202,None,CORP EC,17993704,0.3
138,Nova Ljubljanska Banka dd,NOVA LJUBLJANSKA BANKA DD,000000000,None,CORP EC,17777905,0.3
139,Corp Inmobiliaria Vesta SAB de CV,CORP INMOBILIARIA VESTA SAB DE CV,000000000,None,CORP EC,17609132,0.3
140,Idec Corp/Japan,IDEC CORP/JAPAN,000000000,None,CORP EC,17376281,0.3
141,Sweco AB,SWECO AB,000000000,None,CORP EC,17307304,0.3
142,Aalberts NV,AALBERTS NV,000000000,None,CORP EC,17195773,0.3
143,Persol Holdings Co Ltd,PERSOL HOLDINGS CO LTD,000000000,None,CORP EC,17186222,0.3
144,Shandong Weigao Group Medical Polymer Co Ltd,SHANDONG WEIGAO GROUP MEDICAL POLYMER CO LTD,000000000,None,CORP EC,17120355,0.3
145,Kingboard Laminates Holdings Ltd,KINGBOARD LAMINATES HOLDINGS LTD,000000000,None,CORP EC,16981859,0.3
146,Cochlear Ltd,COCHLEAR LTD,000000000,None,CORP EC,16891827,0.3
147,ATS Corp,ATS CORP,000000000,None,CORP EC,16756687,0.3
148,Tokyo Seimitsu Co Ltd,TOKYO SEIMITSU CO LTD,000000000,None,CORP EC,16703432,0.3
149,CreditAccess Grameen Ltd,CREDITACCESS GRAMEEN LTD,000000000,None,CORP EC,16696158,0.3
150,Military Commercial Joint Stock Bank,MILITARY COMMERCIAL JOINT STOCK BANK,000000000,None,CORP EC,16617464,0.3
151,METAWATER Co Ltd,METAWATER CO LTD,000000000,None,CORP EC,16580671,0.3
152,BOC Aviation Ltd,BOC AVIATION LTD,000000000,None,CORP EC,16498584,0.3
153,Takeuchi Manufacturing Co Ltd,TAKEUCHI MANUFACTURING CO LTD,000000000,None,CORP EC,16497298,0.3
154,Kosmos Energy Ltd,KOSMOS ENERGY LTD,500688106,None,CORP EC,16369457,0.3
155,Diploma PLC,DIPLOMA PLC,000000000,None,CORP EC,16297930,0.3
156,Nakanishi Inc,NAKANISHI INC,000000000,None,CORP EC,16290632,0.3
157,BFF Bank SpA,BFF BANK SPA,000000000,None,CORP EC,16287956,0.3
158,TOTVS SA,TOTVS SA,000000000,None,CORP EC,16244240,0.3
159,Torrent Pharmaceuticals Ltd,TORRENT PHARMACEUTICALS LTD,000000000,None,CORP EC,16003893,0.3
160,TRYT Inc,TRYT INC,000000000,None,CORP EC,15988935,0.3
161,Troax Group AB,TROAX GROUP AB,000000000,None,CORP EC,15845169,0.3
162,MIPS AB,MIPS AB,000000000,None,CORP EC,15725055,0.3
163,Osisko Gold Royalties Ltd,OSISKO GOLD ROYALTIES LTD,000000000,None,CORP EC,15639542,0.3
164,Fukuoka Financial Group Inc,FUKUOKA FINANCIAL GROUP INC,000000000,None,CORP EC,15630103,0.3
165,SHENZHEN ENVICOOL TECHNOLOGY CO LTD,SHENZHEN ENVICOOL TECHNOLOGY CO LTD,000000000,002837,CORP EC,15575397,0.3
166,Royal Unibrew A/S,ROYAL UNIBREW A/S,000000000,None,CORP EC,15575300,0.3
167,Nagarro SE,NAGARRO SE,000000000,None,CORP EC,15466260,0.3
168,Norva24 Group AB,NORVA24 GROUP AB,000000000,None,CORP EC,15418843,0.3
169,Metro Brands Ltd,METRO BRANDS LTD,000000000,None,CORP EC,15234505,0.3
170,Daicel Corp,DAICEL CORP,000000000,None,CORP EC,15197596,0.3
171,Innovent Biologics Inc,INNOVENT BIOLOGICS INC,000000000,None,CORP EC,15111470,0.3
172,Tokyo Century Corp,TOKYO CENTURY CORP,000000000,None,CORP EC,15016290,0.3
173,RIYUE HEAVY INDUSTRY CO LTD,RIYUE HEAVY INDUSTRY CO LTD,000000000,603218,CORP EC,15015949,0.3
174,Penta-Ocean Construction Co Ltd,PENTA-OCEAN CONSTRUCTION CO LTD,000000000,None,CORP EC,14895480,0.3
175,Reliance Worldwide Corp Ltd,RELIANCE WORLDWIDE CORP LTD,000000000,None,CORP EC,14879490,0.3
176,Eramet SA,ERAMET SA,000000000,None,CORP EC,14813111,0.3
177,Technoprobe SpA,TECHNOPROBE SPA,000000000,None,CORP EC,14773862,0.3
178,Haier Smart Home Co Ltd,HAIER SMART HOME CO LTD,000000000,None,CORP EC,14675640,0.3
179,Bossard Holding AG,BOSSARD HOLDING AG,000000000,None,CORP EC,14577415,0.3
180,Sapphire Foods India Ltd,SAPPHIRE FOODS INDIA LTD,000000000,None,CORP EC,14523099,0.3
181,Interpump Group SpA,INTERPUMP GROUP SPA,000000000,None,CORP EC,14463687,0.3
182,HMS Networks AB,HMS NETWORKS AB,000000000,None,CORP EC,14339770,0.3
183,Oxford Nanopore Technologies PLC,OXFORD NANOPORE TECHNOLOGIES PLC,000000000,None,CORP EC,14313532,0.3
184,NTG Nordic Transport Group A/S,NTG NORDIC TRANSPORT GROUP A/S,000000000,None,CORP EC,14110529,0.2
185,Yangzijiang Shipbuilding Holdings Ltd,YANGZIJIANG SHIPBUILDING HOLDINGS LTD,000000000,None,CORP EC,14078707,0.2
186,ALS Ltd,ALS LTD,000000000,None,CORP EC,13941665,0.2
187,CHINA OILFIELD SERVICES LTD,CHINA OILFIELD SERVICES LTD,000000000,None,CORP EC,13747155,0.2
188,Multiplan Empreendimentos Imobiliarios SA,MULTIPLAN EMPREENDIMENTOS IMOBILIARIOS SA,000000000,None,CORP EC,13342164,0.2
189,N/A,LONCIN MOTOR CO LTD,000000000,None,CORP EC,13263756,0.2
190,GVS SpA,GVS SPA,000000000,None,CORP EC,13177245,0.2
191,SHENZHEN JUFEI OPTOELECTRONICS CO LTD,SHENZHEN JUFEI OPTOELECTRONICS CO LTD,000000000,300303,CORP EC,13023001,0.2
192,Vedant Fashions Ltd,VEDANT FASHIONS LTD,000000000,None,CORP EC,12858590,0.2
193,Sumitomo Seika Chemicals Co Ltd,SUMITOMO SEIKA CHEMICALS CO LTD,000000000,None,CORP EC,12840717,0.2
194,JIANGSU HENGLI HYDRAULIC CO LTD,JIANGSU HENGLI HYDRAULIC CO LTD,000000000,601100,CORP EC,12609620,0.2
195,Kyoritsu Maintenance Co Ltd,KYORITSU MAINTENANCE CO LTD,000000000,None,CORP EC,12553337,0.2
196,Arcos Dorados Holdings Inc,ARCOS DORADOS HOLDINGS INC,000000000,None,CORP EC,12342565,0.2
197,QinetiQ Group PLC,QINETIQ GROUP PLC,000000000,None,CORP EC,12279547,0.2
198,YTO EXPRESS GROUP CO LTD,YTO EXPRESS GROUP CO LTD,000000000,600233,CORP EC,12251323,0.2
199,N/A,WUXI XINJE ELECTRIC CO LTD,000000000,None,CORP EC,12090873,0.2
200,Alphamin Resources Corp,ALPHAMIN RESOURCES CORP,000000000,None,CORP EC,11973474,0.2
201,Adesso SE,ADESSO SE,000000000,None,CORP EC,11957238,0.2
202,Oji Holdings Corp,OJI HOLDINGS CORP,000000000,None,CORP EC,11822703,0.2
203,IQE PLC,IQE PLC,000000000,None,CORP EC,11801767,0.2
204,Airtac International Group,AIRTAC INTERNATIONAL GROUP,000000000,None,CORP EC,11786596,0.2
205,FUYAO GLASS INDUSTRY GROUP CO LTD,FUYAO GLASS INDUSTRY GROUP CO LTD,000000000,600660,CORP EC,11520654,0.2
206,Open House Group Co Ltd,OPEN HOUSE GROUP CO LTD,000000000,None,CORP EC,11488977,0.2
207,Seadrill Ltd,SEADRILL LTD,000000000,None,CORP EC,11325167,0.2
208,BEIJING HUAFENG TEST & CONTROL TECHNOLOGY CO LTD,BEIJING HUAFENG TEST & CONTROL TECHNOLOGY CO LTD,000000000,688200,CORP EC,11315166,0.2
209,dentalcorp Holdings Ltd,DENTALCORP HOLDINGS LTD,24874B108,None,CORP EC,11217960,0.2
210,Nissan Chemical Corp,NISSAN CHEMICAL CORP,000000000,None,CORP EC,10957792,0.2
211,BRP Inc,BRP INC,000000000,None,CORP EC,10946459,0.2
212,Pilbara Minerals Ltd,PILBARA MINERALS LTD,000000000,None,CORP EC,10874162,0.2
213,Elite Material Co Ltd,ELITE MATERIAL CO LTD,000000000,None,CORP EC,10811670,0.2
214,King Yuan Electronics Co Ltd,KING YUAN ELECTRONICS CO LTD,000000000,None,CORP EC,10728591,0.2
215,RUIJIE NETWORKS CO LTD,RUIJIE NETWORKS CO LTD,000000000,301165,CORP EC,10217157,0.2
216,Yue Yuen Industrial Holdings Ltd,YUE YUEN INDUSTRIAL HOLDINGS LTD,000000000,None,CORP EC,10101734,0.2
217,SKAN Group AG,SKAN GROUP AG,000000000,None,CORP EC,10024910,0.2
218,China Resources Gas Group Ltd,CHINA RESOURCES GAS GROUP LTD,000000000,None,CORP EC,9946461,0.2
219,DONGGUAN YIHEDA AUTOMATION CO LTD,DONGGUAN YIHEDA AUTOMATION CO LTD,000000000,301029,CORP EC,9690422,0.2
220,Ariston Holding NV,ARISTON HOLDING NV,000000000,None,CORP EC,9672162,0.2
221,Syncona Ltd,SYNCONA LTD,000000000,None,RF EC,9363695,0.2
222,Intelbras SA Industria de Telecomunicacao Eletronica Brasileira,INTELBRAS SA INDUSTRIA DE TELECOMUNICACAO ELETRONICA BRASILEIRA,000000000,None,CORP EC,9235298,0.2
223,HDGF,WUS PRINTED CIRCUIT KUNSHAN CO LTD,000000000,002463,CORP EC,9093022,0.2
224,KEI Industries Ltd,KEI INDUSTRIES LTD,000000000,None,CORP EC,9038143,0.2
225,Fuso Chemical Co Ltd,FUSO CHEMICAL CO LTD,000000000,None,CORP EC,8953999,0.2
226,Rusta AB,RUSTA AB,000000000,None,CORP EC,8545102,0.2
227,oOh media Ltd,OOH!MEDIA LTD,000000000,None,CORP EC,8013619,0.1
228,eGuarantee Inc,EGUARANTEE INC,000000000,None,CORP EC,7213728,0.1
229,Knaus Tabbert AG,KNAUS TABBERT AG,000000000,None,CORP EC,5259205,0.1
230,ams-OSRAM AG,AMS-OSRAM AG,000000000,None,CORP EC,4983403,0.1
231,Computer Age Management Services Ltd,COMPUTER AGE MANAGEMENT SERVICES LTD,000000000,None,CORP EC,4460767,0.1
232,Corp Inmobiliaria Vesta SAB de CV,CORP INMOBILIARIA VESTA SAB DE CV,92540K109,None,CORP EC,4261271,0.1
233,ATRenew Inc,ATRENEW INC,00138L108,None,CORP EC,4249540,0.1
234,Mandatum Oyj,MANDATUM OYJ,000000000,None,CORP EC,4121359,0.1
235,Shanghai Conant Optical Co Ltd,SHANGHAI CONANT OPTICAL CO LTD,000000000,None,CORP EC,4109538,0.1
236,Craftsman Automation Ltd,CRAFTSMAN AUTOMATION LTD,000000000,None,CORP EC,3112231,0.1
237,Bloks Group Ltd,BLOKS GROUP LTD,000000000,None,CORP EC,2830647,0.0
238,Sensirion Holding AG,SENSIRION HOLDING AG,000000000,None,CORP EC,2674445,0.0
239,Impro Precision Industries Ltd,IMPRO PRECISION INDUSTRIES LTD,000000000,None,CORP EC,2513472,0.0
240,Tuya Inc,TUYA INC,90114C107,None,CORP EC,2170756,0.0
241,Dexerials Corp,DEXERIALS CORP,000000000,None,CORP EC,1340931,0.0
242,Alvotech SA,ALVOTECH SA,000000000,None,CORP EC,652626,0.0
243,Klabin SA,KLABIN SA,000000000,None,CORP EP,2,0.0
